{"version":2,"languages":{"nodejs-npm":{"specfileHash":"88efe8496a510787bf1945ff414bed26","lockfileHash":"32708e5e1a06dcfad05b01efa3c3b40f","guessedImports":["@whiskeysockets/baileys","cfonts","pino","uuid","dhn-api","@bochilteam/scraper-sosmed","node-fetch","fs-extra","awesome-phonenumber","rimraf","jimp","@adiwajshing/baileys","syntax-error","object-query-string","ocr-space-api-wrapper","lodash","file-type","yargs","removebg-id","ytdl-core","qrcode","human-readable","lolcatjs","node-webpmux","chalk","node-cron","axios","form-data","cheerio","fluent-ffmpeg","node-cache","performance-now","moment-timezone","emoji-regex","check-disk-space","yt-search","@hapi/boom","scrape-primbon","javascript-obfuscator","api-dylux","@vitalets/google-translate-api","g-i-s","@bochilteam/scraper"],"guessedImportsHash":"7431423f502a9e670286eab27f7bc5ef"}}}
