{"version":13,"hash":{"type":"Buffer","data":"fW3ktzjel4TobwOF3/BAW3fAThS4xQDZ85bRAl5BIBwSUrOUYq4zcI32e/tSlvv94M0qOJRPppBLKUH7nagaENRK0KGECTaL+FcvHkKdL29lRTTSt3bozcuUgXwix6iMCXMUzoe4QF6hZUZVKzGjmQqFrxqY1a0UQ2w1iKld6Bk="},"indexValueMap":{"AUdgD4TZIVdP+NWEG37aBat0+uXVCnFo0IlWneZd2xw=":{"valueMac":{"type":"Buffer","data":"50I7LLJLTWH7Cnm6Zcv9Ef5TC92moeo7iLz6I7AN5YE="}},"AakOnnIMQrZh5mb2yRCxUAqmjVjEsl+kuKo37gSCDls=":{"valueMac":{"type":"Buffer","data":"lss27LjOLMx7OLV+F+7Y6CHS2IfuAIHCJ0la7Hdznjs="}},"AeFmF1BIUL0FpRzhPYxVp3x5YSCkqMtYEfmFziAWPw4=":{"valueMac":{"type":"Buffer","data":"rpLZdlVU4eiWsoe1ED3Rnu58XPMYKEAwkuNieB9QsoU="}},"Ay/PDrEkHBEwl+LMJJUPJWsCJ/y2IMhMoz6zu3a1AEs=":{"valueMac":{"type":"Buffer","data":"3Fk9zH8Gyw4J9PQDvx3s5euCi3K1lCAJ8EQMNJjSQV0="}},"BEREYoPQkVYkrR/0GVK4PufdtdmV9QwTgIsNIIuX3W0=":{"valueMac":{"type":"Buffer","data":"IKhMgN+qQo0UnljjYofxF+ZuvPbobneywgAQLBrwHbE="}},"B9GC55PbrwKIxeyvKlEa4rYAEPPT4xdCkk9dysV7Db0=":{"valueMac":{"type":"Buffer","data":"P9yRHsyIfqNIIKQpJKNnTj4tfb/NDWUcgf5a9RJzpLA="}},"CosGNFyNmrOkZHQAQlUg/li2CvG4e/Sa4TDGIrz9pcY=":{"valueMac":{"type":"Buffer","data":"loTmKXHOzsLlnA0inbW4XOkF/Ng5SssXK/WrnJCsHGQ="}},"C068tDtVUVhPKyRdJelxVx0LjiC0ApWgYhQOkDH5Mr0=":{"valueMac":{"type":"Buffer","data":"IFpF82xJzmKJiNJrr3KeGrJAWY9St6sYEZlthGj6vAI="}},"C7nEW/n68iAOvab1ly70bVJWbDriMtsoMRbxQIJ+3xA=":{"valueMac":{"type":"Buffer","data":"CV3KUZgST5w/sqjW8iTtv7IefDCFOSWCzt8qoeiP4NM="}},"DLUQMEPgbWjBZ3GAVOqr4+k5hP90zrWBgY/ji1J85Cc=":{"valueMac":{"type":"Buffer","data":"IhoIYhoLW+aw7dPu9fidM3IpjhJmtVMep4il0gDa2pY="}},"DssTWu2OpdrTEcNPcFGoajqMryiaWtQLMkvpnQM7WlI=":{"valueMac":{"type":"Buffer","data":"dv9MQAefMKDKtulU/R+yKGrY3GvBiCPTsW+BlpCZdVY="}},"DwB2l5Zg/LNjINMGJVIa4XA/ydo6ZkXN/AZHCpep88I=":{"valueMac":{"type":"Buffer","data":"XHGKeivokjEudu3O50pIBHXRM0J0j3xVU3WSQ3ttDpk="}},"EEKEUSNhNs1oW3vCCDyXeMnDRQB4rhaPRFYgcLI3KfM=":{"valueMac":{"type":"Buffer","data":"GPsoKgnJI+Kkh86iJe538+m/YmlqfeKj62LuSrMqRbQ="}},"ESQ/G2bdBsf7ynVhekA+VI02FeNA1g2jNt6nYchZ6Jo=":{"valueMac":{"type":"Buffer","data":"bvZFCIihagH5GfgIt80JtOHIhfnzI/Q0zGrDpiVISmI="}},"EiOrGMARJOgds6i6mqbSo5Okc6rOKoflmqoGTH30N0Y=":{"valueMac":{"type":"Buffer","data":"uMRNMHDOztGaMVLhaABAjgNq3XVBQeG1rO55IzG8nWg="}},"ElHSBqCOXjLcUoxL4GgL+BnguwKFQO76T6dcROEbj9w=":{"valueMac":{"type":"Buffer","data":"WfT4HEbZ9goHPg7+8yrIk28RKrQUXYRCBJ2suT2b8J0="}},"EwxIfuLgzuq+WAQdj9CDwXOA8EkwifxgXmRFdyDmPbY=":{"valueMac":{"type":"Buffer","data":"44eZfQfHDX5tvKfBl51EFnyC5JeUlxbTtuD9tU+qdzM="}},"E+TlsRJTknKSjle+ayGBgkyRZuCeLK6ig4HDaJ7j6A0=":{"valueMac":{"type":"Buffer","data":"lOe1f9mypaOjclKV3Lod7a7fHAAZq9soA69mkihrTDc="}},"FSOgFnjoC2LXYqha7RIYvo5TrcHp7AFilor6l6bbiwY=":{"valueMac":{"type":"Buffer","data":"mxKKcmREYaLg+Pg5DfV+d5ur0iBtiPiq+ZpE6dW1VWA="}},"FWnnL/Iq3MKKCzK9X34Un+vPsz57gYa79e68EcD2QNU=":{"valueMac":{"type":"Buffer","data":"bct0QOyHKMZbTjg15oGgPJ3WtEDcXaXsHk4o3R9faCI="}},"FcySlGIINa6wxXBU5mcUZ9Z7RP3o7qyho9n2uR4RjCc=":{"valueMac":{"type":"Buffer","data":"Z0wCrQjL3Ohyoks6zCf9NcoQ7rNiddp338WYaeDddog="}},"FlnjC/Xp2PyZlK+Co7zfVMCBxTSoI6S537IoVlWq7b0=":{"valueMac":{"type":"Buffer","data":"D3/kd54GiJ24/b8nsvCZuW4KMykCIWO/LhOqmLNULCo="}},"Gy8gMVrsZxauVORWhCMtclyFUXKNCDLvk2ZU9Pp4/0A=":{"valueMac":{"type":"Buffer","data":"kktPGQ0nI45BVsIfUTjgJSUbhgMItfuMRRXoVjx8Vro="}},"G+8yUF08v6+kWT2pZ4Xka/Lhw4cVRNydOWeALJ1KhI8=":{"valueMac":{"type":"Buffer","data":"FI5zQZnDyqzeFXG6wD9erbZCPIKx1BfTSeeeEFZbYDA="}},"HSqVWOFMcwZC7JVcg32jc5RDvZopg4JtAARRY1aOA9w=":{"valueMac":{"type":"Buffer","data":"lwmeCPGERPfWViMFBoikAJLcYOgpNhai5awGBfpOakY="}},"H8SUprtX/Xu6SFDOldYZQg78wDBDB52Hi27bczaVB8o=":{"valueMac":{"type":"Buffer","data":"+kTlo77cbsUcoIUYXC47L2U2nIXOUN2Q+4PFVF6+FH0="}},"IM2ESNj65v6jghgpBa5eR+tltBiJ9YnAbfqiaMDksb8=":{"valueMac":{"type":"Buffer","data":"N0KaoC8bgJtQMStJ6m7wrQTH3mphx/KmKVWqqD4gQlE="}},"IQmStV7wm4WwZVzQ5pnuCL7hTfskFpD/FuNi/ebJmFE=":{"valueMac":{"type":"Buffer","data":"Z+9JRXpvT7XROnqI1/cvZw5rOKhLa2Fvj798rDNTD1Y="}},"Ildb8D0rSeDkgby6C1Emc5o4K9/4Qu16cBqfDfEdZNw=":{"valueMac":{"type":"Buffer","data":"E1DIoCNrFEZxRkTIsmS6zIQHdaXKlzVGisuBCY2Eo+M="}},"JbaXPIV9H94tW7aq1LgM4oTESf6iaMgJptNOWqwl9Xo=":{"valueMac":{"type":"Buffer","data":"pBRKcRzRslQE+hqB4qHVHORMyigs8jUYoCt7bmJRAVE="}},"JfSTena5kDG41ie8Ft7pfROc590RObuXXa0oi0rvkUg=":{"valueMac":{"type":"Buffer","data":"KVunYGc4Y1v4bz6sueDx6GiBT1J/b70zTnsmjwZPlzk="}},"JhAqtnAHyXm0QtKfArfGNPujVa7ob1gehSB0zZTHpsQ=":{"valueMac":{"type":"Buffer","data":"bI+r3vB05Zlo5iIh2pCzoVt/wTw/LRBy0z+UabyMKxQ="}},"J5YyVE7VwGS1nWg5qEXVyJ29Ef3sw2uhZmynDgN+V2E=":{"valueMac":{"type":"Buffer","data":"r2VvxaFWyAUn901JgAIPyZxzTLkgNQ3VdwLfjZCFiDM="}},"KW51d7G9jCYjDP3QUETKCHPMsracxEPxHwPwEXddnJ4=":{"valueMac":{"type":"Buffer","data":"gEcVwlU8MnBRV8DIWABdgXyFyAi/gfIDu7TFiIS76dw="}},"KjWzTxdirP5pTKZ4crWQL1STbdmPYQU6CEQeV8Hpq9k=":{"valueMac":{"type":"Buffer","data":"7aTDz0lGtvAFGmdqRL9NvCk7aYlWVX3CYe9pl8B39fk="}},"Kks0XRFnGUhLslmSqGewOnhrFtjP9CUdx8hd8P7HWaQ=":{"valueMac":{"type":"Buffer","data":"1L9GL4bwvZDp29/l8zbf3tIrSRV6F/z9Tm7NOls6j8c="}},"LSZrxzg++wZJ9JoEB97wO0eCY06cjJknTony1nKdvNQ=":{"valueMac":{"type":"Buffer","data":"SzVIR051vj/J+Y++op5Epoua6fq4+LRojRptYabwsBM="}},"LcQh/bOKcqTKh0+UMPbji79L4ksvXQ1ZBcVQ8uiUPrk=":{"valueMac":{"type":"Buffer","data":"Vo3iueJ9hcXXeiJ35ipHFQw6mCoytCSzUsG4LOgH+gk="}},"LmVyv+pTiX8KxizCngjlOU2cKEgwP5SNUy8hd8YzcIw=":{"valueMac":{"type":"Buffer","data":"kw446h+7QJs+G6cVHB46xuoTeYhh84OYCxfjwu25EhE="}},"L1cQJ2cuU71C31o2sr+zjFc9WqKVpvkQDuY3WvS6jLg=":{"valueMac":{"type":"Buffer","data":"G2t9Z3vw4HjpH48RRY2QrhYQn6/UEBIj3uU+Nm7ynJg="}},"L5UhZlZxu1teSRMKgnSwzvhJVi3eMxEgI6Fqu0VWqbg=":{"valueMac":{"type":"Buffer","data":"xPJxQ/9pDcCCOQ840958gOvb/YoQXArhBVjZOyqoF4w="}},"L+Vn/6Bpob4CxdL5Kc3hKyqRcEtVU0nWObjBqp+VIJg=":{"valueMac":{"type":"Buffer","data":"3v9Fxi0TG2utijzVYHZ8lMRfJl41ljvj6CqkkSxMCT0="}},"MSrvFimIrUAUyuSBym+iMpLzY+OOfBavZTBDZs9uEs4=":{"valueMac":{"type":"Buffer","data":"f1c2mVA9Wyir3c24LESQnYGdUkepq8VuXM3ls1/eQqM="}},"MiwSJGafyEHa+oT60Fl23XzrKo/6TuQEvthqJjqzW9M=":{"valueMac":{"type":"Buffer","data":"TK0qw+bieH3swJ/OzIvRTnmmDUsbLXSqgRPG0ii7RyU="}},"MkXH/MdZfv1I4fk5GAZ5ql9TNIW1eLubRWziooZrkDE=":{"valueMac":{"type":"Buffer","data":"M1yXsuAHPcAH8Uh4yrxWkENqkLlu/4xanHnxgj3V/DQ="}},"NMBYtiNTkotilvaefS+n6Iq0tTjvdzWXHOE54yXR64c=":{"valueMac":{"type":"Buffer","data":"GSbQPHfPlOPptjm3BNpCT/QqrjRidgOf87G262FkG8k="}},"NT8b8/InlGjQOPiRWTixAh3CKRDsxH4Ac5f06s6Vvuc=":{"valueMac":{"type":"Buffer","data":"23epC1knqCzr2dhoUfa47EbLXs50prom+Z5J2p72gr8="}},"Nd8Bf3G1fuj4BobGdZUtpuL7SCxglemPJeJj99CC5sA=":{"valueMac":{"type":"Buffer","data":"+h/rsY476lXGU6b7fcefpWgPaYcvuBZOL0r2xqcVdLY="}},"N/6QBQPG0lDEmzosLYQC2dq2aJzB0fYu1du1+Z0mERw=":{"valueMac":{"type":"Buffer","data":"j8SPcfJrJ7rVss2PZSRHoAinixiF7wKLiLhEas23kzs="}},"OMQOXEOUZKUDcxTAOodic2wwgxXT8fGBzHK8VQZtiAI=":{"valueMac":{"type":"Buffer","data":"x6ZewJlJ2MS1phsm5GgX7NiZ5CQa4uGRZXSsAeukNPU="}},"Oavc0UeFSVIcJXqJ0GOf3z9+kP7hPF8zY96IuwxZeVk=":{"valueMac":{"type":"Buffer","data":"UGQj9v0YUyvwrmsCfRRk6am9CaIPWOy58lGyEl5+hI0="}},"OyJvPCZwQu8NysALsFoM0U8LqZ/1dhGIDP0fmApZzrc=":{"valueMac":{"type":"Buffer","data":"BFRXMevnm09ai8iVBBCRH7EbS0Uu4mBM1NC0ksm/yfo="}},"POsE611gVyWoje6immV+Ux4yI8vm/BQ3BklsPapcVyg=":{"valueMac":{"type":"Buffer","data":"OEsesvKtBASbAZgQaevGzCyRVBxit1pXP2Mbm3tlGtw="}},"Pch3LEAA5A+SkBk1DHIWy5umoVGSrgL1sUeOyNW1uCY=":{"valueMac":{"type":"Buffer","data":"+FWvdkRVOjPiMP4iNzKNgSdv0eukVduBMbXoqR3RerU="}},"Qasw3Nqm7cw7WiUT8+pUGbqyy0aIrDIqI+u7mkv7G8s=":{"valueMac":{"type":"Buffer","data":"psbiSkjjsRfmoyc9FsmEHCEFuuPQfhJ3/I6USxdIf1Q="}},"Qwz9XzWwKFCmZP0TGzuenAiWaxM2OYHEzZX7chP/SAo=":{"valueMac":{"type":"Buffer","data":"X6VjRDkHp5aZyjEJ/lLnfRSkgAHoSmVD3iVwTzPQC9k="}},"Q+p2reBkQrw5aXsC34BWrF98Js3sgEbd86wv8J+ik/w=":{"valueMac":{"type":"Buffer","data":"7WoNyKMp/o81hS5zo+a062lvfyN+4l2UyBt4bZcSDBU="}},"SGWiIgIstxsRWEYbv3VhCt4kqpGpKNjFHm1cJ3/ZAl0=":{"valueMac":{"type":"Buffer","data":"vKvPR9BCAXyht2m8/zVhdvmiljM/yNKNLr3Nq4ZzN7Y="}},"TCWbc1RihLUi3OYSrhIjl/0tIzLxO3b8tJusXfHKxlM=":{"valueMac":{"type":"Buffer","data":"UkChNpEuam3yp7OEY5+VhAxBOYzhg0IarvkAQoa2U4g="}},"Tb6pSYJDtiYfSLH/5rCCqJiR7LjDLu56RTgep48H7mo=":{"valueMac":{"type":"Buffer","data":"SEEfqRvbhWEzdHjLJaW2SYBtZqnLADI0vbe9let2pmg="}},"TipWSPVNBR2yMHtPZqZZYEzynp6U6hLzzPg7Dddx5Sk=":{"valueMac":{"type":"Buffer","data":"45hHlrPFdThZg+IImcZSmb1esurVazeBoiRegsaWE7s="}},"UJLDIYGFZw7a16+tJ4x5Sy04UDsqixdAWqJgvEYxzcw=":{"valueMac":{"type":"Buffer","data":"lBo3+k1Vbo4l4OoL/FepFm2YNoaCdEIMzRFtv4ZUzcg="}},"UbT+JaCXO8ep6JRcrDMAHFRPi+hkRVQ+kYpPhSqtyQk=":{"valueMac":{"type":"Buffer","data":"kE6YrMrHtujv0Qi3ydhYF2l+iw2psaXOScMz5Ral468="}},"VGhcpuxzqbHb37idMMS033NwED5Nx3cdxiBq1wfB4qQ=":{"valueMac":{"type":"Buffer","data":"a+S0dbmlqMlJacWSlTljDZiJglTQxwTB8CuqStG06dE="}},"VOwKbd1B3RnkJVztkSnKSH+1jQBWuxPJeInZX5N9rOo=":{"valueMac":{"type":"Buffer","data":"ZtuJtEOXr18UO4I1gjG6dhpvajGWKDaTomZHA2xHaJ8="}},"VSXVOTWy+svOc/h49KBF79iV0Au5sONEpJ4MPtcY0/A=":{"valueMac":{"type":"Buffer","data":"Tizxfo2QDUL6W8oUXBHpSbC5g+glyIEbDinYTNlaMxg="}},"Vsdc4TWMdgTTg2g0ZTIMD7GdXLWiNzy8urKOKmm7v2M=":{"valueMac":{"type":"Buffer","data":"JPa6j+Y4km3DwvYnS36xV7gY5vU4yQV09SF8exh8wgA="}},"Vt/1q7y+5c2Z5OiE2reneqvrFSpMufGINc7tCJzNlGI=":{"valueMac":{"type":"Buffer","data":"2KYS9Nqhlb8x+GTlxUBJX/VmvfU2ZM6i/YODK/C2p9M="}},"Vu+XJgOPSqLuFFByWIwn1h30jSZ7I9Hy8CSSTRWq5F4=":{"valueMac":{"type":"Buffer","data":"6u347xu+1byFEeLnAHMZCyiX2W+OimeIQP5+udjOmC8="}},"WZ7fixgWg0GFwFFMatZlG5VKZeGN+lfzVIp6x1iBo+s=":{"valueMac":{"type":"Buffer","data":"r7eEgWHNcbIqhywkCsRc3eq68rv2VsaVQsAhcTdL8UQ="}},"XFBTfX+N6TV64XZhSyVB3UHnhnK4HRe0QGYZHbR7SuQ=":{"valueMac":{"type":"Buffer","data":"vIvgVkuK2nq3K3eTTrHBZKFQ7v8nx/6CYKiRUE2vmoQ="}},"XRfR0Xd58s62ToC29V9lJ55bO5ht4mC0zKSdc2TtShw=":{"valueMac":{"type":"Buffer","data":"807mMwXDntpEOeCZfNZ6iyl6/tfkuUB71Kn3agFNuBk="}},"XUnsKS6RnCfWWf8ysPSe+FMGQMtDHgfTbdc7/MkINfA=":{"valueMac":{"type":"Buffer","data":"3wZsSbw892c/vUab3oblLUvbbZp4mlb+X3D765oQF1g="}},"XrHoij1Jc42WdUx77H41/qih3UShYWThmWozXoK0PLU=":{"valueMac":{"type":"Buffer","data":"YPSD/wK3RNRB44+bsII3/NJcvoy+Tc+FCEc2uBYMCzk="}},"YJTPSqESNfcbwIutvhDmGXakF6mTDL3E2VlMTS8wN8s=":{"valueMac":{"type":"Buffer","data":"yb29J2f+okmaAW+ndBRWZ9Rog7U4t149AhBfTHh1oR8="}},"YPe2ndDPkaJqhm2/4PJCS7Q9aiLPC58aiHMux0OZal4=":{"valueMac":{"type":"Buffer","data":"crBJs3eAPo5iTYN7SdurwjtyuVGrrf1vw1863CZxjYs="}},"YlN+c/4hdAV2IWEbCvjhu00IBfvqFmJ/oT+5nLQU4ig=":{"valueMac":{"type":"Buffer","data":"pdLN60liR67DaEKv0vghpqXR38YbsSe/2verWmK1WVw="}},"YpblJmCaexV7CgjfQn+3Yofybhxd5EtgZBau10esNC4=":{"valueMac":{"type":"Buffer","data":"eBo/z8qm+cgDdZzAZIgIyx2nbRq5ZVr6BaEjyGVDscE="}},"YrHmTLPHR+lvVkBttQzg6aaCXGubJnAaU3Sx4cH6BA4=":{"valueMac":{"type":"Buffer","data":"ciGNrEZqn/StdPFpEYlDm0q6TlpVRBUZGL+XKD8+8Ig="}},"ZsDMXSXOD4DIAkSN9a7J9bRy/PaVfuAzK93fE90C7wQ=":{"valueMac":{"type":"Buffer","data":"Zpp6R7lULKJg/rTayXAB3W11tTajN+k2JY+xEtjhnW0="}},"azHwgRoBoFIvAKbWsvXxlcXadOlDd+22UW3i3An45bY=":{"valueMac":{"type":"Buffer","data":"IlkwGQe+tF1qn1kAtHJjCAx8pOz9Kx19vdbxybO+F8M="}},"bOr+hAfKmC+Q6ed4yPGsMEts8CX6/jH4jkyuJb+VJSc=":{"valueMac":{"type":"Buffer","data":"Em3jCW46AUZqFerNezbMcu+gQVpr1NJHwufLH+X1laA="}},"bSyYzD8y9ay0cb8czg1VzvKycmbQGr459povIUoP6Xc=":{"valueMac":{"type":"Buffer","data":"MlMLRCyPMLQ5j/+8YW/QlO/8DS0wwJLFFw9+nlQv7x0="}},"bnpeZLAei36eR+QFj3dmKAo0ICMWgGUOA4UlApnFT4g=":{"valueMac":{"type":"Buffer","data":"8eBA9Mhc5r02HvNav7Ty8h0Wfy/iymNr/Ju7GwurOI4="}},"bxrgF5mmp+LimOt2PaMIbg1NY/0MnO0oV7NuR84z65o=":{"valueMac":{"type":"Buffer","data":"fHefXWGkuafg5mJY28bkhU2jcp1bqAv2KhuRXFY5Tdg="}},"b3gKG2I2B9tFr3Gfp6RdGYk4yNNYdcdtg4TzAWylxDY=":{"valueMac":{"type":"Buffer","data":"1j/OiTFDDamDsd+lYY5YlomfC04Vg7rDOpdaTMHkKmI="}},"cIhA38n6VszrQG4vK+QLbq1wnj1lJbx07D0fsKPcd04=":{"valueMac":{"type":"Buffer","data":"NvyNqecZ782U+4evvYdQUyc+NxfvSAf3wsSTsPKs+Cc="}},"cTKZthoNmWWud3KBhHz92Uf1SyBTf23pb9vqm9PKc1Y=":{"valueMac":{"type":"Buffer","data":"MEuoHqyPRbWrYu/G/Ky8fXhnE73476Sv8YdWjLtpKUA="}},"cWi1G0ujL2LN58RK02vxO8ugpT8y9u1PmYjUkJd+O6E=":{"valueMac":{"type":"Buffer","data":"ZO2F8UQ/7JpPaREWpmJQzI0xC1gNuHuK989Dec8i5bA="}},"cmXilxI5QFi3mGh6zzIVsCEYleDhAyfPaAIsOzo9el4=":{"valueMac":{"type":"Buffer","data":"S6nCjhlqP09FDCUSSDMVgOhfCkrc0vQMlgf7dqUwxsc="}},"c9qcO398uk5nfMJOBiM31bG5SzsLPqPKSLxx4NmsBa4=":{"valueMac":{"type":"Buffer","data":"kSUpA7v4xYklxArbXkfoSohsOYIfDks3wInpfHvnKto="}},"dAtl526Uhi9RLfnIBjdWTMCy12U3GttKIq6q1/Oz5nQ=":{"valueMac":{"type":"Buffer","data":"r/GKPn+qIIY/p+0MdpbfNLpdj+VeibAj7Kw/FaNgejA="}},"dhiJLfzxd5CYdaZMEzUmlNBHqcStXRMayUuV1vpuzBc=":{"valueMac":{"type":"Buffer","data":"m88CxFVU/50b2cR1iqo834EX9952cUaS6wbUlYVwmmc="}},"dwj51B9E/0tfHVLDnZjKY5XaN/XWe5o7SQ+etSOyjYo=":{"valueMac":{"type":"Buffer","data":"5TYX4VNxMhBeu9lS71ynmezwTXP5noiwWiPppR3KX/Q="}},"dxyVXmWlrzX+KsmsKbdqSu/DOj43fqMvkZDUvd+wxKo=":{"valueMac":{"type":"Buffer","data":"SdIiMUPSbasbdpekW7m2FXpyTTr7A47I4746OcT41HQ="}},"dx5k0TBB8utB4AEbyIpxEy7B4dpbmjtCI3m+Y7+FheE=":{"valueMac":{"type":"Buffer","data":"787oCNpt4V3RuaMQamLb+9Gd+QhqH2+k40O0wJP3heU="}},"fDq5Areb/eVKpetKCGPUIQ9hnyGAslrLAT2xizIRAWo=":{"valueMac":{"type":"Buffer","data":"vqLhhLI76nE6f9GN6cihOs4GkSqlC5vq237dF6ip22U="}},"fD6YEwYsqXprI4xIZ1oPETWwHtTrYascnnb25NE7ANU=":{"valueMac":{"type":"Buffer","data":"SpLCKMErECND5FXy65yGPDUFel38iNr6EkfmQv5Uco0="}},"fTIxIFfeyfn9Ar7Oow8hhijGuJzWT2f8yMRXWVj+QGE=":{"valueMac":{"type":"Buffer","data":"Az5i/shCmIMV/2xdxcQQDhtSzhnWfZOSyLin1UNGG1A="}},"fezYxBej8uZ8FeHraJiJUXbE9BkmQWyGHxhDLoHsbw4=":{"valueMac":{"type":"Buffer","data":"VcauU7g0/N6GSKEjNV/P5iuf11RSBj+QzoxgIV0zzrc="}},"fisS+4Cm8T2zvzsIgwfXEVBqb24MFPVITHtYH/ZsC5s=":{"valueMac":{"type":"Buffer","data":"f2nGPrgfh9cq6k3/GY1HjPEVkOHQknh6QN0EHPxA3xU="}},"flUSiVugqhrBn5wpSVydfTzVILgfXEtCAJivhzhGnj4=":{"valueMac":{"type":"Buffer","data":"J86N4PqluTCcsFCK/aeV7F2NolmnL9sCrjDOOq6Hmmk="}},"fwKAg7qsnNDTEfMFFPR3ueiGR0EnXUGSC9AGvpn27aY=":{"valueMac":{"type":"Buffer","data":"M8G5wBAk3CRRpI1pvxIJ36cni5xGeHRx7qGT/ZgEVcQ="}},"gWtuj+D7I+RQcyUctIl9SisDi8kus82rW4hicbKrkkQ=":{"valueMac":{"type":"Buffer","data":"bra3qfePAGMGvXuppGTFY5OzLk4NtjNXoPNyezZ075U="}},"ggSRLIwXGNU49310hTqQdEvwUvArxsZ8H/wSWca19jg=":{"valueMac":{"type":"Buffer","data":"TEHo/HsS34RQr29KCHZStWacD03A+WUPctdGd8aX0Mw="}},"gq+tVVSqIIjXg06zdCsmg/mDbcdGqfej/xLA/PmdVg8=":{"valueMac":{"type":"Buffer","data":"cihaX1vdffb2jpHQ7qDp3Y6jeV6zGlQXbRi4QaBRpIo="}},"g/8uEqcHGKwLFFLUnE8UWjPzP6sj+eKXtFCy4LVNdt0=":{"valueMac":{"type":"Buffer","data":"0TyGQf8wNtPpHqCGnmsdtJAWAZuwRaWlTp6S0Aujci4="}},"hIiAJbUjV6bv/4etRs1mqNUAZjdAzLAef6vfUGk3OsQ=":{"valueMac":{"type":"Buffer","data":"vjqsggIlFq2da7IgYpR20jwmrgARCM18hu14aXwt1uU="}},"hNsvaSa3Ma8di5AVxLFukkIECAiAT/3d/EvlMcjgqBo=":{"valueMac":{"type":"Buffer","data":"XZayo1L5VDCRpAdOPbSrRy2F0BZW80v+X4BUJRMr+fg="}},"idRO22QtUCVSxxgReLXsEFFHrzqqvwKXx6GjHDXR1tg=":{"valueMac":{"type":"Buffer","data":"UO79bUtXcLlzsTF5FC6FZK6hTo43vu8lmU8UaqOSbLs="}},"jB7FMBqcXDwFokzl/rf8/yahX5BAX9hkbTx8PQi1q8U=":{"valueMac":{"type":"Buffer","data":"u4P3boVHMLVlsOdSbx+NNXFUecbhu49+Eg9CIsWSYSs="}},"jF7Pcnf/nnjhaPsnOw14O9W226xCPsw0kdnYn+T2jPo=":{"valueMac":{"type":"Buffer","data":"kL8qZkVkZ1rqaUGQ8v3RuVe6LqQP2lpRO3I7pE3HobY="}},"jRkKgyxAgGZ4HC++zhy5M4AFb889UHOx9bmlJ/JiBgs=":{"valueMac":{"type":"Buffer","data":"FDv8wWr0O+F998F16xNIgPh2gkD4dYE8+j5ikOFyP+I="}},"jatLuOS6+frrYk9LRiR1GaMx/xbiipn5pnDNLsXGy0o=":{"valueMac":{"type":"Buffer","data":"dZE20psHtROXOdBCrk+p6OMh4fFxxVYjZR5lbCib6bw="}},"jnr7Q4X6h0QspCR6OKQ4xoVf8JUCzDTSRi4qa6Kzsp0=":{"valueMac":{"type":"Buffer","data":"nP9gYk9PG+DuHt/GU0EbIB8zdz3VxDzaNkdnfMhXlfU="}},"j0yn6OLIYtUnBLeH4FjdDuc7p2xr6ODEIobxQdAj0uA=":{"valueMac":{"type":"Buffer","data":"t4xcGtix8hNLIP05mOaZsRRM4XsXJQWce6fc9f26LZE="}},"j15kTJl04/rNsl8LMsUTqP+kkYYlUMx1eZpzxS0X60o=":{"valueMac":{"type":"Buffer","data":"6luhD8F2o69llDb/mJlDrd1grqdROBfORroixv2enw4="}},"kmj+2A/gIYAtOQSjlcsJHJY4YxR8gl9sApO1dMVXWFY=":{"valueMac":{"type":"Buffer","data":"I3Dt754CUL9o1QHdYtvTjsK9Rp22SCWrWt7kHn2iknw="}},"ktVhBwvXWt752UVoA+DulCfCiiqXBEsXGBu/bQsqA28=":{"valueMac":{"type":"Buffer","data":"zgQUe0QO+XsSCcbWL18BbhKVE+r7m6aLxvrwKHPvyB4="}},"k+PqbQZ4YrOueZjAGp3RUoZ5h0F0JW/xpUN1g5MWHXI=":{"valueMac":{"type":"Buffer","data":"1unn4kO6nqcJ5+p+rp+gRMjyCiRQqKam3Uy7Hr2rDyc="}},"lLOY11gEtokAhVdceMw/3MvR+8XxTrUBPyzvtjypOJE=":{"valueMac":{"type":"Buffer","data":"4A6L4PodT8KiPfjdUE740Ht5spdZt1vyZOcP4zExelQ="}},"lQH3l1pZdfPll6/0sicYwYcBdBSdJfcb+1BggtbtQno=":{"valueMac":{"type":"Buffer","data":"PzIeXcpGWA1GmTSRuV/2YJh/aKSzAyQ2yuFIInr0ntg="}},"lZSimUVnmj22+9bDUwTyfNkxDBYR4BS2mLRiw9Bt9E0=":{"valueMac":{"type":"Buffer","data":"jhuFxDjoDrR/AQqpzKwXqB5tq4kdyFzMlFlOXJEfj14="}},"lcpxme6QUWwl8+BbEoEJpJKmnkENeOzvk/0edYKXvDc=":{"valueMac":{"type":"Buffer","data":"JHLbYhQXUfWDq18TZ3mTFj0UVNyGaSM7uOqQXnu9NIY="}},"l8MaoWzhuI9b3P7rUddXVEUMqI+mdBRyBjXTvHXL19o=":{"valueMac":{"type":"Buffer","data":"TmQOe/irvVZyyIPzdrzRC+xdq+x21qah3QB9VFaa6M8="}},"mDRogHThglaPpXNi/ZlqMdTXS3j9DcrF2VTI2lLBS1w=":{"valueMac":{"type":"Buffer","data":"zSMy8vpgPcs0224UyIaTdFhrvMXpwIMIuopnItEoFX4="}},"mEyfBI/rR9CI1GF9YycS+XKGJWOVNm0d3ZIoqf83Wu4=":{"valueMac":{"type":"Buffer","data":"a1dDR+ey1/eTKyoVe3b98O4swNxgELP9Nw71FLE+mgg="}},"mT8esh3lznUtQD+oXKSJfryWpdJiAJ4fBbzLh97ewFo=":{"valueMac":{"type":"Buffer","data":"/DUzqGdgf3Nxs4WZWbmgT/452HrzF8m1m4DBoAbvMXw="}},"maUdyksLvRUGOqf3gfljDHJwRD7Z6WVuQZpumHLGKjw=":{"valueMac":{"type":"Buffer","data":"b66Q141h/BRetXoRVXT29SolEkkAxMHZtrB+qLpO3jE="}},"mlk8fiKDHPGZ8oF/SZ3cVHb6S3LvlKxhJyewWwx9nqE=":{"valueMac":{"type":"Buffer","data":"ukbDufNLngZTNr2d1rlAGGMNgUHl62xv/khwxgl6Uio="}},"mryDzSQLhgxf6o3nKDeG8kr8PjeIet5N7mzDIajRAtE=":{"valueMac":{"type":"Buffer","data":"rgtjS0Bfj4sOdzr+NxxWy7nGEfTZCY+zif+owkvQyZE="}},"mykdiTcQ/Wx/24BszqLwVICiL8q/iczZSC35ampJtaQ=":{"valueMac":{"type":"Buffer","data":"u2ugi66TfzTD7zDO4mZ9V0SXaDrDA8fWW6mOO5DW7qE="}},"nPdvj2Y/LJC3QibrJT4sMOOqZ+COJ4M1dLoXfP7kX6Y=":{"valueMac":{"type":"Buffer","data":"voJsHEpogpUUhKRroyeBSAf+fzP8WkBTnFIA546POGA="}},"nrTF7UTjGctIo2ostqFvhZa2ENbdmRnSvHeFkdC0iRU=":{"valueMac":{"type":"Buffer","data":"FVbDIrhXp7oycQqC5MsP3GQd5Qp4p+YAnqR8H6nUbx8="}},"nyr1oxsDKRPCqHWO1osOjQe0vDRuMLCEiqf9+y2i0Sg=":{"valueMac":{"type":"Buffer","data":"YEKdeh7orL/qcQx6rUPzXbD6KFzpIJj7uQNqSCJxHEo="}},"n0hi8Qrt9qbBpG2i4qknVk1d3u2VagC5M3Aq0K/GKOw=":{"valueMac":{"type":"Buffer","data":"uhIlm+cciGAAz9dKS77MBoCeVSwZ1tfxrak2YLGUKsg="}},"n7NTdB2Ihg8VEg0HSJJvOMytTPvJDEToQoQ8nIXHaBc=":{"valueMac":{"type":"Buffer","data":"1XvqgUMmhTWR+8iHlByXlj0xaPzSjgVfZe0gAZe7rqA="}},"oVvlseH7csTuR+xCyK83bGyxYhID5H82V7ahcXTlvIA=":{"valueMac":{"type":"Buffer","data":"jFHw1suJnHUKFwKHHfgvUFOtvL9u4/XUdLSFNdjMz5Q="}},"o3rWNvX5HwCS+Dz3FUq2NGv2p6AQKEJgdSRakzEL2qc=":{"valueMac":{"type":"Buffer","data":"I+5/WE2cDI13p+wDPaeOkuuNxluYHigmCsCsLBWP480="}},"pADsQD9QhOoRr9FyDd3VVlyjtzyC6h/lNmtLvBXEeFA=":{"valueMac":{"type":"Buffer","data":"pc0FFlQHclUeq+rr2sVFWHp4WND21PrUTxohX/xTLVk="}},"pD5BHD2KvFdGcalbKZQtKk3Xpn4meo7quXITFamWfN4=":{"valueMac":{"type":"Buffer","data":"I6WLh24pM4pXnOi+ITHR4FvweDb9ieFIrCJHORB/mlk="}},"pE2OvT4wjVyNmYVFympxWuclhG5gC+h2+oxXt0tbg/A=":{"valueMac":{"type":"Buffer","data":"l2/esIKblFRaJfJtsEPAljMvXvbab8k5/A6k2KpatsI="}},"pd0NTHFi4OExWUghOU+by1tQrN7VQtiY2a7CCJq6C0s=":{"valueMac":{"type":"Buffer","data":"9nZ5DOxUe6nGQqps/gspPeKGeSrTrzVFLx1aknJOY5g="}},"px1cqTQrW+dCGUIOhWnH0BvQFtve3gpYak2SZeyw1Tc=":{"valueMac":{"type":"Buffer","data":"1TwfVIT/rtnsu9soGqTSrcUpt6BclN29KB3D+f6w2B0="}},"p5PY3fU54DCfH38NT/g2YFq+Z9WtYyCKbOLX5y/aMA4=":{"valueMac":{"type":"Buffer","data":"SG1OUDkt6p23ssvLM9BHH9wLvrPvb/18b3UEVA2Tves="}},"qyWrgn8miayWjsy+b/sXNheXC1zIyGOfzHbMp3haY50=":{"valueMac":{"type":"Buffer","data":"WsaseEDOq5XLO16CEkx+FuOgINdtO2soARJnST7VaEA="}},"q1lXlS8VI4XoKZFe2ARpvJ2CDY8nbhdP8nR+dZm6oso=":{"valueMac":{"type":"Buffer","data":"mfboALic40QtdJf8unfMzKj6aWKW1WAAidEvGTP0LGk="}},"rIazfgYI+jPDYtQ4aKY3+n66+tcr9OflAvpUOm1MZqw=":{"valueMac":{"type":"Buffer","data":"fjlkJDXPihOLsFvsakTEZwpOnuTQd6eVAX8gUL6anjI="}},"rJpYWB6ZWmaaboZYKMhq5n3a7bjeoIuZ2SHfJ63XfKo=":{"valueMac":{"type":"Buffer","data":"qHLLSa5vcwmhjo3Zb6e6x4AXe8A5AkPhQs2ZymNlq4I="}},"rMATMH/jqukEGI4s2/g39yD31gjc6AFIYnWbMikRb08=":{"valueMac":{"type":"Buffer","data":"qNt7rBdaoAua/Dh1d3l3547deAMGFrFa88FuD9dRP4c="}},"rUx0wRZyH+UKRYsamIC6wwBmuGPgK9YaIXCBWTcj+Aw=":{"valueMac":{"type":"Buffer","data":"jxTMz9Het0hA8Fl9ipFTWizqzhsxPZo9jDStPG+z+x0="}},"rh2CfNgcoqCRYR29ylU80qVDZufoXfiKbgBZj0rdbO0=":{"valueMac":{"type":"Buffer","data":"jZ21MyUFG3AISJCn77JGWfLOqlhVWy36+AlkOwfP6YQ="}},"rzuZl2ubi/ExQDzkKio68yQ9lW+8syu0ZbTxKTrZQBc=":{"valueMac":{"type":"Buffer","data":"G86shD+/XYH6oFtU+L6B/MxGX2P2qm2+h4g63V9SBCw="}},"tPq/562+fm6axKze29HWImvTgzlzZktF+Tv/dBw7A7k=":{"valueMac":{"type":"Buffer","data":"pMTI8pvZRb63ECR6+domVRRoBQfYLcaynj0fgVpE/pA="}},"taT1yP2+UHsaHX8frvG9o/Pas9O3eph3rWNh/mItYWw=":{"valueMac":{"type":"Buffer","data":"Rf0HUCPTmMZP6F8mmglGmlbnrhYCVtI6VbK7FlVWI/g="}},"tjpfASqyeiBu9ZRDq1sK/S45OAqHqSTw9Ea7yRNOWdo=":{"valueMac":{"type":"Buffer","data":"aEP5rksiIE6eso/OvZ+MQD1k9F36N3OmhKZo8ICzdVs="}},"tmFw0G543qdX/RnqG1fl42TKC5zdndUEqweV6R9Nr1o=":{"valueMac":{"type":"Buffer","data":"9/FZHLeh56r1vFybvtip52E6VxH3FduX/3pw6J0J/VI="}},"ttVLA9YCLizdcb7NT6qq8MgpOamwk3mWuLburs4A0+c=":{"valueMac":{"type":"Buffer","data":"Nx0/lh2MzsbgQGsnJVQazqlnvWmtQjIu0U3BsoGV7bI="}},"t4JI/1Dam13DQ+nmMDIpP6AvTCdH1L5FA3O0kAZHMEs=":{"valueMac":{"type":"Buffer","data":"oUXLk1W/tnmtNvyjMeKEqcp8cHKmGAWOZ8WU5Tln08Y="}},"ua0wOdv2vXrOEl3oFMdT81EoNGWDoQ0eAaAoS0icMKk=":{"valueMac":{"type":"Buffer","data":"bvvweGchwx9Ne2NRNhohojjuM1mCwCwThsyWudlj5OI="}},"ueLh8TH6RgqixY4mni4iXkTBftT7c08XScpFU9VZYao=":{"valueMac":{"type":"Buffer","data":"ig0mTbwcNrtEYjflbkrm+Nq5/FoNP0GPH7kcybQVhdo="}},"vCITVeI3sU4tWEoTBMDEDlREoHRSU8DsiJWcuSrltCA=":{"valueMac":{"type":"Buffer","data":"RtYA5UF5wx4JLbIvMyuAnPOoVr86KsTxLx0qPPrv/bE="}},"vH4IoPhN7lPlwSFb0PODNpGz65HJr1DK5szgSZtcUkc=":{"valueMac":{"type":"Buffer","data":"Kjpr5yTUZkdFD57iRAARLdjJQwYJSphd193vD0jg4zA="}},"vYBMH0V757fyIVh23MA9gu5L/tfr1XUhJslHWLcPg9w=":{"valueMac":{"type":"Buffer","data":"kZITmg+Tnlh8yBg9P5ONUgWf7YcwHvsVnNC9ZRxzxys="}},"vYU88e3mMutsjsA4ep0BGm3WQaDJLMU9OXR96wFRG3g=":{"valueMac":{"type":"Buffer","data":"bh9TQz0ACQjwJdCm7dlXwd7Rylo83tEhvUvCDJm6ONU="}},"vviX4zBCH0XUOomNhc/dkmF8bHea6lTK9l9+RFeBR/E=":{"valueMac":{"type":"Buffer","data":"Be3ZCULlmxFDX5j7u99+/LXaxXuM3DvPctn4zmTo/go="}},"vxACMgg3v7s34CcLYoKUPYlJgG5kPeQSCJbyyuc9bKo=":{"valueMac":{"type":"Buffer","data":"fO5VWAEGCm12hDV3ofzQWkrCKQ/gBCAGC7Ha64h7Fn0="}},"vzo9/h47pm5MxP+JRzlkwXQjPsD3IM2/kLrva3frOgo=":{"valueMac":{"type":"Buffer","data":"V4d1Qh/0fVcg7b8KU9+QjKXsAMb3IsWjCf5nGhiXmEI="}},"wQo6cgtZlSHoRMO8zWy7sVc2IqVWtJZjvIYepo1kLSc=":{"valueMac":{"type":"Buffer","data":"oIhnTRDjDsc2bhula/BnrbQOHuT+R8HL0K1EYywwWVE="}},"wqMysIb+y9J2FbFc3c9lo5CUKctS1cFsz7Ad3IzA3fI=":{"valueMac":{"type":"Buffer","data":"IuLxJVm0s/DvWyBWbgs+5SwAFCTL6hm56FDcryNVOa8="}},"w5/ZrlopyGtIrKzyFeP4N2UJW2/S99qY5HZqQ64QkNw=":{"valueMac":{"type":"Buffer","data":"6PZTTpmzundWeqnU5GJ8TVLUghBlJJsai7VkqIWHu6s="}},"w+un9yHjyTzai/IZ8FFqUA2sQQcTNWU0GkIY82ztiiQ=":{"valueMac":{"type":"Buffer","data":"dzw/0TqmwJjz8NDWih8TRE7R8F7zHCekfrQt31VUshQ="}},"xPO0SkZ6moC0ObJtd4gOmb9PD6P1KF1Awgm5+w5Z5Sk=":{"valueMac":{"type":"Buffer","data":"hw9tJKTwhESKqF2y2YmCtkBDdqKU3jB/bVdgG5VzqeE="}},"xQDHLySY7PdthjOcZ2SOLwyExAVXM5unoUfnKKQ5OsI=":{"valueMac":{"type":"Buffer","data":"Ks7XTT+uQF9cr0Znsjs+T6bfdx4C51Q3vKLd8lv0UzQ="}},"xpwfLR9muW3wJriVh9Xwgv2ZTYzGSC++Kx3QJlDc8ic=":{"valueMac":{"type":"Buffer","data":"fs0v0xUf4Ku0fQzraUcsab84bemPEmDrj1ZP/0P8NE0="}},"xqPYXlSxSo1GKsxw7Zru7Q6TPWNTTLPVJvSKLFq2XLs=":{"valueMac":{"type":"Buffer","data":"tWBPgEIs8al6HxRvWrYzmqIXCSzSjAr8EQqQBjx2Tzs="}},"xrfQUDq+qOH3NM/lnW4tSid2W3s3jNu83GSjqUy2Rw8=":{"valueMac":{"type":"Buffer","data":"Gz2hOEn22ndJYk3RREI8SeOKIO/sLfaFrEOdK2dKIR0="}},"yNVd/c9R8paWUbvOT8GGhUAt6X1sRucUgXm318z20z8=":{"valueMac":{"type":"Buffer","data":"nPN+SnEjRYo4tfSmfG6S6o0eKR4Gsbo32Yv/xcJBD/8="}},"ykNCQXtnoowrYNbGtXn2NvDlGq9wb+vorkLBNUiet7Q=":{"valueMac":{"type":"Buffer","data":"i6AE3OZAVcIpzL7PbuHWLfJ3uBwLJJ/TxRTwWQZ33GU="}},"ykUu5QUtxwFpwzXyhjjp6/WJ4YRJZUgUp3RnsklGVM8=":{"valueMac":{"type":"Buffer","data":"EK2NX/1efrHxQgaEijkNc/mlmMW6+ehilcOMg99wWHk="}},"yqgzs75nO40cZp32euHbOKD6Y8TUfd5RnVJ0ICHIMpo=":{"valueMac":{"type":"Buffer","data":"NJ5RCmAdxDHLU+OyNXw48lzC6sknrRMD2iv/cTwWNmc="}},"y55makZ2krve5mbnh9yKjrdLNf2wFqCV4GcsrOOm1u4=":{"valueMac":{"type":"Buffer","data":"X3Xyq2WMCHNKAUIbsEYXM68GCQxW4hqeQr1HePKsIH4="}},"y8hXL10WuYZe+3gJYp/d7iQwMT7cs0KUgjmDl7TXb9w=":{"valueMac":{"type":"Buffer","data":"KGNc0+2zIQJiwqyFbSsS1Ew8olnh2k/1KjCuz2V+HSI="}},"zWP91odYsQlrpRZx63bE9zPbYqS1cyr7o5YWUXM8Cyg=":{"valueMac":{"type":"Buffer","data":"f6Wc0KMrpKCLii1tjHt0zM72THzXhF/EGecm0V+ekBA="}},"zcdfZy873e72md9Vxa957ksGadyNQokYejFWJuPZf5g=":{"valueMac":{"type":"Buffer","data":"1mLAJwgMlL+GA87fW5GVwMRUhRJDJN2eFAjcjgQzr68="}},"zheZRW0K9Rm46ayP1wPGb4NTakfO6WgkxVs+yWGRqxc=":{"valueMac":{"type":"Buffer","data":"fGeeqeSUBbRXOjiTTKrbNYVeUDU66dE/lAMHudHLFrw="}},"1RVzgxX4SLuK9ADBAhfeKVguyuK7bMNpusnqB5PHbZI=":{"valueMac":{"type":"Buffer","data":"7ppZSfGYnm2dPFyyazUXhPwja3Pzh8M0L430b4uNhF0="}},"1afJkQeJHX/7XDXK64tnLglm6f7VPxVNf4fjwW3pV/c=":{"valueMac":{"type":"Buffer","data":"Lqj3bHwFUHkUohxJJT7zFoJBPh5a9ACMj93WbZjZkvQ="}},"1yvCUZdMzuaJJTUzCwlX6hKYLwZ/BQ9Rox3XtRe0xBk=":{"valueMac":{"type":"Buffer","data":"amPpjpRT6ck2ro5Ikv0pkr1Hg1QxoTRpBBHcemolneI="}},"1/rss010sjDmu27T0MON+WeydPHMWzIlPjoK9vQjvcs=":{"valueMac":{"type":"Buffer","data":"XKIFzyhJkGhOsq4/EyLyUKthpN9lzhcsSgOtWHYr7Kc="}},"2Bwc6C9go6SgX74uC9q0LSABI/G0srLZU2DiuHVhYc0=":{"valueMac":{"type":"Buffer","data":"W2HAl3guxLF1iQ63GJqW1zEi+CI4yorwQfXPpj0PdfI="}},"2LoCmV9r3g8UcTFfohlvxD4oxL6Tp3VR/AXAhQfw7WM=":{"valueMac":{"type":"Buffer","data":"1icGoCy9uL7Qm7r46Hv7LoERMtz02zwP9SJhM57sbxM="}},"2mRRUlhBx+JQbOE3hRPS1Cux1XdhslrerhJNW97kg5s=":{"valueMac":{"type":"Buffer","data":"4BBAcZiKl8DUZFRAUPW7SjEhVwJUD7OoAvqlMlPeW3Y="}},"3aVHJ3enBRF1mxP/FQw4rMXRVn9EXK4N96wzCrHgKg4=":{"valueMac":{"type":"Buffer","data":"OgKsPJPOrezBXGhk0Qj/Q0j3X5vaNUvAIrUfHfQxIoM="}},"3i51ggwQZE4Zn58GBn6xoo8ioZGTzvrUrH8L2GGWSno=":{"valueMac":{"type":"Buffer","data":"VZerPQax8FN25S3eJ1tdCUAM3wx/Jbnbuns9GX0W7IU="}},"3101LBCOBmoYGbWBtYGqydv19MsRa2upe2ZYrhn/pd4=":{"valueMac":{"type":"Buffer","data":"KNeaSgpRInN0YddEtD5TjbCJD67wK4CLQAlK1pHFBl0="}},"336CYPgW6KT8mCGTHjK6zHqZ5Q2jP+xskqEw2OuxMug=":{"valueMac":{"type":"Buffer","data":"ddaUCd5zT5tmVPGzTcSN+ChMxBJSzBS/BnVna5dkBTQ="}},"4fxmeHXzA5XdnPIQJPYEIvgzQEEuiUU4cx1yeeFZlHI=":{"valueMac":{"type":"Buffer","data":"814/GqfQhNPztzWEGJN7WdLtt0QVwKh0zJxkAMVX+rY="}},"5kxxkpDVgdnV8GgpNABrmR1SNEBe0FKwsVrBd3+yWL0=":{"valueMac":{"type":"Buffer","data":"jQt9HBod6oCRTfvo6SWc7THlAgKCGqnpDk2bBaAsNng="}},"5sjdmFd0NZm/pVZ3wG9L2xKBWtHuVI10F/Yjfe65L6U=":{"valueMac":{"type":"Buffer","data":"47lJyXxqEW1eZq5laWw4s0evX8IOfH4HSfvf6evKOJw="}},"6B2Hy5hgdzvXKxh/XVbAO9ZUKutpGYbMM2/g9aevtZ8=":{"valueMac":{"type":"Buffer","data":"K13lnztQk3bmuhzZZB18iatMk25gC7AEoeyzbt+46xs="}},"6f5Y4Fa29s3KORjVWINtEOCz15Wvjz5XZwIv122XUqg=":{"valueMac":{"type":"Buffer","data":"C3xebwN6IUI9n89dIulEWVTiH0qtv1hNeHV1wLHHxUg="}},"6nDo6Tgh99+iXHE7JI6wZ+xdHur+2U7weJVmkyEUHCE=":{"valueMac":{"type":"Buffer","data":"Tir198wlcg3JR3bBkJIT1weIi6meXe6YQFnRXMeEJA8="}},"7KTXeD642jGNezHoB/C+vN0nVMi3CGgubp/QImCHlzM=":{"valueMac":{"type":"Buffer","data":"/LRwhCC/Gss4xQ5Yz9sGgXbBRzB46wBpZS4fp/iDSrk="}},"7Rlfr1UWnuu8YjTjyH/51nds5mYAnvTZB0LmYD4rlyQ=":{"valueMac":{"type":"Buffer","data":"uBxLHpPR71wkf0CZTBeJmiJS0HdGcNvPV9aS0rrdEDw="}},"7qt5oRDgABrxZNmH5pR2LV6HHz2FSQrjQ0xFzvTjtj0=":{"valueMac":{"type":"Buffer","data":"EgsaOXsSt2Bh9QvAJJcG9TJvuVsDQmkeERfAwe9zPrE="}},"74Az6cINJnu0FNXeIMTqI6tVCBgeVhgjot4hvn2jQNo=":{"valueMac":{"type":"Buffer","data":"kNlohWnD1ZQr2csmltbiWp55kJ5sUQJj+DKKDb8ipv8="}},"8O8z1BA7baBhDK+U/shiSzZu+lWT31TrmaOkOZZaB2s=":{"valueMac":{"type":"Buffer","data":"ZRqFLhBw2wh6HZfAEtNsfeZC73qIJM3ddDcDUSTr6CI="}},"8y2deIMKpZjziu8Tbwy+mO4ia+w6DVAxYFW3tI1oJaA=":{"valueMac":{"type":"Buffer","data":"onDO3MvQNVknh5H20q2JnoFCx9LMl22qDG7yjtfYYSk="}},"864l8dMxbDCiacBbmW1aeQxRJJfO1STNUHBcC/mWKBc=":{"valueMac":{"type":"Buffer","data":"lR/jJrjWXev9Bzi2XOZxYxsd8une7IEr5tV5S3U/c6A="}},"87PcMGNntYG13dAAM9ql7QU4y+uKDJ3wWwAaa2nuCxw=":{"valueMac":{"type":"Buffer","data":"IWyTHl6m92fQYUieJ65EtImYsYivSVEvWhCJ+w37OTI="}},"8+WEezvvkWODyvFF++z1IOtZufwkJwqDAfIBEb6WWOQ=":{"valueMac":{"type":"Buffer","data":"wwfY9IMUBmMuxR9T4eTUvU495sHhAHHTAR4FzQN8gVs="}},"9QzmQhE57D9VKBbkRdw/X8eOf9BUg5jLjKWwCkL1bRU=":{"valueMac":{"type":"Buffer","data":"C2DXjWTJ5y24oEqa5Een5CaGeuUBL9ipxw3TNDjzSxY="}},"99oDBHUF2yGxf10FdMaQPJgzWgHLuNxYL7SXa2AKZOI=":{"valueMac":{"type":"Buffer","data":"0qGkTScXrMDXYSmFJqu2yuA29Nu1Dn5X6ykKBTaqENs="}},"9+/4r6apDUKEe0jTFKRHWlZ2UaQXH2z3vVSpiwAwp9A=":{"valueMac":{"type":"Buffer","data":"rrA2AD5vHfDkFXcouE/U/zAKEAO1wGYNjeAdvvKM3K0="}},"+JN65U0jvljsv1wHZFfPkefPRIx4z7+0LZZ6k61TXO4=":{"valueMac":{"type":"Buffer","data":"g8hRQRG32KHXCB+zn8HPVdFQrZh7T57SQZXf5+HPREg="}},"+LkJWAU6H4Bd++WxXFa5KHO8mUwegt8sIXURFd+jXy0=":{"valueMac":{"type":"Buffer","data":"v/mTCzV20fdVxoGrSY5QKxOnYGxJyjSqm67PhF0iK1M="}},"+MSiiCDh5svuh6G9Ad61MhoBxn84SrVt2Ga2l3uyg3o=":{"valueMac":{"type":"Buffer","data":"gBFcGiCGuORYC1iLsAMegq7CUw9tKU/ccQ1zDkPBlyo="}},"+PQ4U4YXfiS931KDEinvONlSNcjOhaVDrubeWKllr+Y=":{"valueMac":{"type":"Buffer","data":"byWrb3jClOusWu+YwNuASsQYN89HW3oCtZlXljgBZ0o="}},"+R1XR4D8eF24RS/UwefhFErUPj0QIkocuRzOreq4DpA=":{"valueMac":{"type":"Buffer","data":"HiCaOcHx1tBgvDSJANcfi9k0MrIzIsVstG9hVw1SNMQ="}},"+ctWhK1XUQiRHeM8IVuAWSqJ93S9usbiiY//MW69oe0=":{"valueMac":{"type":"Buffer","data":"s5ipHM8Q1KFtswlgo4S8gXZfXy++x9MheS0r5GQetRI="}},"+f49bcgMfAKTXJsgd9nZupNFupq8wMbd4moqpBSBzDc=":{"valueMac":{"type":"Buffer","data":"T4AjXwczaGIZVGIeqhN5PWmPZrsS5CUBq0RO3QR/8Ew="}},"/BgYos7WWc0kgqgVJ3FxKiFhh+OOmfpXnh4QNLaSXC4=":{"valueMac":{"type":"Buffer","data":"kzeRsttzGL1cG6PGibEmMZscyVtSI5V7D+Q+aXzX2Dw="}},"/F3wrtMQHHBTuTnngV+nQZmk4o/qiyCra69xRiY2dKM=":{"valueMac":{"type":"Buffer","data":"tSRv23SARxYvsDZvoIX1QZmuJKDEge4Fp2SOwv8vMFU="}},"/QXHN+bpfP4Kn0exs8+Ay+hzJVRVOq8W5uvTWzTrVx8=":{"valueMac":{"type":"Buffer","data":"TVaDRG51aaCqoZCJpFcntf6FpeMutVRnIp4PwusN5Qo="}},"/ow8PMubfGBWtVfHSGZ2WN5TPTVWN6qEYGSdGXQnGVA=":{"valueMac":{"type":"Buffer","data":"9CeJNoPffKiuTOlVYUEh6FPX23dWgc+K0TZylxo5E00="}},"/3JjwEkVUBls86zHAspsmVB8AcDv/b126RRghzwwzJo=":{"valueMac":{"type":"Buffer","data":"aUBrCOa0vFmVXNpe0DlgVy/TC5bwHOiuN13LaC2duYY="}},"p+32IAuvhqqveUnrfAROzTYT9wLKaRl0OEI+Jll5Ea4=":{"valueMac":{"type":"Buffer","data":"Cn8mMSMqvKXmUCl4NzcukS7eDuL/nn4IPrbq9r4lu9Q="}},"MCKxjq6MftiD8+ClxnCVKO6CBx7wW3rc6PDG6Y1ZUjo=":{"valueMac":{"type":"Buffer","data":"Nl1hVIIxZlyUrHy8bRaPgvsD3s10coMxwzgle3sE1Aw="}},"fJMPSK6U59rt8s7ghCgEOXosxdGs4zAyhEZWjc2TeQs=":{"valueMac":{"type":"Buffer","data":"hBB4VCD/JFfVyWMX8bnzSIz88F2lSLLxjr/6QQ62Fa0="}},"r4xetRZgCdXeqKRq3s2+yxW1SvO2ed8pmVJTAaygXmI=":{"valueMac":{"type":"Buffer","data":"QL5xSEJW4A65scqrdf58sHtwN4heFF1/YMcH9h4JNnE="}},"iR6tniPjlFBdy5qGr0Fyk3fbUtcQVk43QhbU1a3cWz0=":{"valueMac":{"type":"Buffer","data":"0htoXpOpJiVqAJWVbOFQ6sASFuNLLElYmueiY6uBBTQ="}},"C/ujnTYLudGPbAUTrYWIBW65GPJ4fU5RGGWeR+7xAO4=":{"valueMac":{"type":"Buffer","data":"aQojR3HRTkjAhPSKx8lATK07BWuRu7TWY0/aeRzAWQQ="}},"5iRxAqhWT9bVOAcCRKwxZcBbzCxaLSPwIrXiGndFxfk=":{"valueMac":{"type":"Buffer","data":"hzNE7TTTablacCEaSbdYcxsaeitDI6+U0ebhQK8dPbE="}},"0TAAUF1Q4B5E1YbQ4G+KsQkpJIKnd6a3xXiVVkAKcB8=":{"valueMac":{"type":"Buffer","data":"deXEKG2dybQhN2EalFy9mcs7Tqk0U4hxMlGDRr3tHrw="}},"6tyh4DU8g8bO6ZPR/Ku2eIfTs02wXmOFafX6M410f3I=":{"valueMac":{"type":"Buffer","data":"aUiF5+3nBLidgT/fcqsFPSyxkOtULDJXWs6lFlSJCnw="}},"r0W0690O2l75nDQO64giHwkUoil6kCt9GUXvpYT2nuM=":{"valueMac":{"type":"Buffer","data":"4PVFD/Rkk+PL/ogURgJjgWOPJpVQdECpK4m6aeBWSWo="}},"LMeEeZtq2FTuZE8htJQ7xRrRqhj10YfBta4cLlIlAxU=":{"valueMac":{"type":"Buffer","data":"Pa8y9036AspFV8oJDZA9EeNJhPen4mQTs/pSBVxxzQ0="}},"3Of3hN3iX6zbOhVSlKCNGu2F/lhkqcvhHjspDeObQm4=":{"valueMac":{"type":"Buffer","data":"hksUM0prBQo2ucYxXhgn0HLgvhjHFnVPa+0q5WFk4BE="}},"l+d7lPYmsNs23HIfzZCBQHRfGuGWb2cFBWEx0tefyrI=":{"valueMac":{"type":"Buffer","data":"4M2j1HQXfVuK60UM/nonlKOV+Ar+WW4QgHvcjiZAf/U="}},"p5e66DyVICZ2GicY1zB56mxk3Ionjjc83YcR6g/gkBM=":{"valueMac":{"type":"Buffer","data":"QuDlOfpLcziaduXSf7WTbeDPQeVdaIK4vqPSCIpMKGo="}}}}