{"version":4,"hash":{"type":"Buffer","data":"onU5ed7MM4ifABwKvs3w8yfWrmD+HVWrPe2/TqCOTahxwzXPTZA3/AjuJX/u/d2NGl+L6hg3AQHjJHe/HKOnzjScUgjAkwiamogoa5IPYT38aZzKlSQONnGoLGAIWRvjQQOh4D99J2btPgDjQFggjqXR1sbq6Y3ml87IzSp0x9s="},"indexValueMap":{"CIiTrkafJu5Ur8XDnR0RnOA+AXn1aOtg4XQZk+q3MCo=":{"valueMac":{"type":"Buffer","data":"SXeQqIQ3yp0P/IMTCmMjBQV4CuxR6kCiXP8DaHMvDMg="}},"G98Qj7EiI1R10ykt2WSb/7Ek61m1EVHA5X3zanLcrbo=":{"valueMac":{"type":"Buffer","data":"e8/ejeZifcZbMgzf/0duIT9LwcB+ux11ufDWNdxaits="}},"KLnsN+Y1JfD6FdtROwb2yda3J+3eyokmmv8xwgVEoi0=":{"valueMac":{"type":"Buffer","data":"x0OYq1XRIa+C9dTEixoyhCK5258eI6Gc8YEL1oeejyc="}},"L4PkyWovFRqZcmeTTu7rh/G92vXpehOjdqCIcUjogw8=":{"valueMac":{"type":"Buffer","data":"7gwI6pxYMw2Ud5039JKABfaJ0H/DyjcFu7Xh/nye/WM="}},"NPXGYAw1yMNLEUoFvPGGTlqD8Y78ysd8OzbxyMV5DaM=":{"valueMac":{"type":"Buffer","data":"kfz4eDKn3gMvemXvEEXOP7b4OW0KuH/H0+4WpdcA430="}},"QwI7t9gdNPuWj8897MfGhzNEBe6/MglZEZD/VYdUKW4=":{"valueMac":{"type":"Buffer","data":"z57pVId1pQwWSh6RO9Jj2YdOOYEdlWR7aUCC8yY6peI="}},"RFqRAGxh9WaP1WPASJTb9khrl/2Q0fMZ1ZXEj005kcw=":{"valueMac":{"type":"Buffer","data":"OvXqpEQX0uRenythONP1VPqMtClhmWPcgCxNpGanmxw="}},"TCt+aJvkQ9t7LofIRlnjAOa3UbmSn4ExV6kXMB9fsmI=":{"valueMac":{"type":"Buffer","data":"ObP5YbYQmqg5edTMzT/EY1xdgsb/jGfJ02dMlOhhTbk="}},"Tb5s8FccUej1dCwyZ03D4aM29LLfsBCVr1xcAWIs338=":{"valueMac":{"type":"Buffer","data":"VFF6Hl3njUmgou8FXRFmabnyYoWWiXEt7xhCOgH+0+E="}},"TxGhnBRx2vFqA1sj8/3zxrIFGE7uSkgmAfe9e6MsVMQ=":{"valueMac":{"type":"Buffer","data":"k56x3fOeEXEG7hvVtkeoo4Tq0cdBoW2tEjPI5uVP5mY="}},"VHFyxqo16fiA0jeQ8nvg/CpWtdBVJKr+VKtr6P+KZhU=":{"valueMac":{"type":"Buffer","data":"sS4CWm7RWfF5NbwcmsERBNASjnSdaidKAeqYOP5QHlQ="}},"V7lPPr+V3ssHzLqfhKcDQbIK3h48N6RqByP8zMpvQj0=":{"valueMac":{"type":"Buffer","data":"+6XLp1M6+WzdqyV8SbhYxiA3Ctye+C4vR5NAuzzPits="}},"WdiRSDn3ksFsJlteUwh3qVZJi4uW/lcfuESknxvREEE=":{"valueMac":{"type":"Buffer","data":"Fa7bFbLjhX18tXH0rUrRSgO9x+LudbjMOdGKC6nrYYE="}},"YvQJQ0O7ZQcTLMUbKyfQeph0cAJGDQeI6ivxvtecNgg=":{"valueMac":{"type":"Buffer","data":"SQLTnzp5AlzsRhKYBQnaf+GgJLSzFyQkdSAtcGQcSDs="}},"d0o22ipOECY/Auo8lKLjdNsb779/ikjN4BezVlL88pE=":{"valueMac":{"type":"Buffer","data":"tcucz83lkJzXsSYbSi0xzuwCXMC5ZJ9n++lXmjtwcuQ="}},"j6ytjA4vLfoxvNZfxS8PFx9EgECJiFFRk2zU+lekt2I=":{"valueMac":{"type":"Buffer","data":"00HrbSdzi+Po8ujEtpOjUUYC9KKbtHDxCCPhiL7bgqw="}},"mHQbqLoG3Jo5B7QMOhOnwNbo8gt+Rs2E1d1Z7VkxrIU=":{"valueMac":{"type":"Buffer","data":"E7gTKNPNZXZfcVwTitKIX7Glf2Mz0HNscIBMPvVpYXw="}},"maUZYgK+ED6uVH6xu1xgYKQ5AWmjUK9PUzUfAvXceqw=":{"valueMac":{"type":"Buffer","data":"VVJnpASruuEMn/hcTXjX/sb99AWFSL/0lzhqXRZnm2M="}},"n/NgZUqI0YF4u2lHhrfkQnkPOsKPBC9wN9BlGTqF2bc=":{"valueMac":{"type":"Buffer","data":"BdnwlDDl/rwIPMNmTMb/xU31SiTbgUw8W93q6/5G4aM="}},"qUxMc5+xOY+RLIGI/7awrFwOo8rtuibWPnDEgQ5IbjE=":{"valueMac":{"type":"Buffer","data":"JwMHFtQQRG2O1PJFbmbJyZvfGhl1UqiORblc5np8f10="}},"q6iDloqWY9pHF0eQ5IrNjTUhsYyUW7k+N/GmzwQiebc=":{"valueMac":{"type":"Buffer","data":"CEp9wKGh3pBklR/0FTGRO/TBSiochOiAHeLjO4k1IrY="}},"tkuLAKTX7BbbHsLHslAOBxcm5/GzTzPgPnmYNGLg+3Y=":{"valueMac":{"type":"Buffer","data":"uEFIrvIBlATPfrdsN4y3jCphqvRAWal6zSFlDMvDD3g="}},"0F/G1N68lqjBv94YUldyVU2q28T66eCcMJGmxXcE7F8=":{"valueMac":{"type":"Buffer","data":"6RiT04HRcrQGU9Eonnuc3Vn8ORZU38LGJSp8//MGKBs="}},"0n2dDsTzo6y0W76e1CJqGtG91FOfWqK5Mxly+pjPDcI=":{"valueMac":{"type":"Buffer","data":"5UWzdcMn9Y2yfTHXMZs/FYO5KSiZ+q01BwCpNqoM2UI="}},"1Gkzhkgy8z5FX8BB81hwABMKNZhbEnQD3tq2OXXh+GU=":{"valueMac":{"type":"Buffer","data":"02cH1PN0EohHg7OxdntnPaVkXbJa5IBgaIs+FgWWeNA="}},"1GwSvFFqa7fTDeMwMOMsRfYI57Agvv4WCwOc3/RXbhA=":{"valueMac":{"type":"Buffer","data":"sJFBEtEAaY6MSkFum8i3c7nfCAIzEYbag5H9v2GuA3s="}},"3fpcaXWoyGtPLKWFlxFO2eepuA6MwKml1YIeu1bMB9U=":{"valueMac":{"type":"Buffer","data":"PEFI7V9oB9txTcl+Xh+CxrkowoNHsDTtAUc2cb8RoVU="}},"6VetjQ1VTTud16ML5kDmRX3J9Tfmbgp5xUXgQXAJSqc=":{"valueMac":{"type":"Buffer","data":"MZEwJeu44Q6DaLYuckYQVueVLNQhmLx31NN1YhuYes8="}},"7R49laTZIiU1NWb/C3HLm1vhwff1+hKDTfoA1Rv1kEw=":{"valueMac":{"type":"Buffer","data":"c+Wf0yfdrcgiEdp3OKllAcoOA/OlzoIbmMnaRjUS/pY="}},"8bEPaUjHyfLfzHgQ5dbPcsJsxc+O3QsC0zJ35kesL2U=":{"valueMac":{"type":"Buffer","data":"/mRv6y/q+0Kog5yYLxw/sgVEWoM0W3SaFu78V8c5hFY="}},"+0VeryEYvDnMbVV9pWObRzCthyIFa7g7SIHEF6LF4YM=":{"valueMac":{"type":"Buffer","data":"5K5vDX8JHfpzb+c67wOYRagQ2wC0F/cD97btYTIQxaQ="}},"+/b3BVkdEeoinfWJb5XLJrJFMuh0df85kSUhkp+0Dtk=":{"valueMac":{"type":"Buffer","data":"Syl5mvpoVDCsRjQcstGMcoUPMnUuyq5zSh0dmuA8PKE="}},"/sEAsbpwTO8SJmjKQLz3ba1iWTfTiPLcaB/enQ2pC3M=":{"valueMac":{"type":"Buffer","data":"6wSN93jU8A8kjkrFkaxozE0Beu6cDgPjqYmlpxtj+IQ="}},"nyhzTflr4IMQN3zPu8XkEmxXUycc4mz/Ff/3yaBfpko=":{"valueMac":{"type":"Buffer","data":"0s7oi0UeCNoPp9RvfeHTEdV6CQq77p9PNneekNSmbU8="}},"Ol6qoW5xnCDezNLpjHPVlKh0hdDSV0MRx/T+tvLlEPY=":{"valueMac":{"type":"Buffer","data":"TAe3bgBIipTVVg/WArEO/ti/pOoOKOQP7g7X1hfmwSw="}},"UKv+TFT/YySuuCAIjIJc+oeMfPWSMkMu4V4d+M1shFc=":{"valueMac":{"type":"Buffer","data":"xXMeV9NFQn4CqCq4D2oroTxChECHCf+Qoa/W56x7/Qs="}}}}