{"version":15,"hash":{"type":"Buffer","data":"4zDlYjbSUB/Qc68ZR8llTNYiYwxrf5lzhb2+xhrUokDr7h/jsJYPSx9oxbxkVNbNb0NOnbmiw/s8xukKYhGV1sYALfGUYOpjJfQSc6ZtFIOZW6yA9ZJy22g34wdy1aFH4jOe2lyEWiTOLmswjm0PiueJRdoABZMkFGq9MtrxTYI="},"indexValueMap":{"f8MVZIYphoqz6VUIY2BVfBtYk5sz5L40xtTJklrdnvU=":{"valueMac":{"type":"Buffer","data":"zDPMroC5HOybQZATx4khuYc3dlU3t+cZ7WEv4ikA8F8="}},"nv28jrD2vbv0W2FayODItWWFrDtmiu/bQFUsTpbCnBM=":{"valueMac":{"type":"Buffer","data":"2VdC9Bt60ZDpn3RHfLq5E+aezQChixmHF6vBQkjvTZ8="}},"ytIXZS2VUyQ2RNLhMGvUzqpDuz0EXD+Qgi4Cw6NwPFc=":{"valueMac":{"type":"Buffer","data":"V3kQocmJdJjjba04+5OCKCHwsiSWSHUeB29pwkCq1Fk="}},"zAqnPo4ki0dlBR0hh0+Hf1RMF5DeYHn/S68IBFzi3yc=":{"valueMac":{"type":"Buffer","data":"yL4y7dEnGyroTQZuYk1cJVNus+l/IpM78jaL4+9IeBY="}},"FsKHlkY8LaNEPUWZwP2sVCtVCUqp4xOCXICjIqM4pto=":{"valueMac":{"type":"Buffer","data":"FgdnUuOmvyhKyBFrDVBOWyX0FLgWZCQd3GpvQW7b0Xg="}},"+0cqNFf+vi698fdeFCZkotZvvcK2wuHGWmMaE1MFADI=":{"valueMac":{"type":"Buffer","data":"CL3tH4/jcJyQzNlrZibiEmzWpw8A+MF2ijKb0U6e4Hg="}},"SwooUfkMSsYQ/ZQnE8+LuKAmv5kjsLzYAiw5Vzv1ETQ=":{"valueMac":{"type":"Buffer","data":"xi2IPKBU2kGmJAgYOCBuWqQFqxey6016Q2Mugzfu+kc="}},"oyGr47PT7SqV+3HhHezVAd1f6JMqNOo7Z8Ns3nDRMmE=":{"valueMac":{"type":"Buffer","data":"EcVBzT5hzziA5urYq8euHFNk7PwmpppbRNSSZyAIdB4="}},"BzCCA2l1rfv6VmOcQjw1BDP8FW4JaA2ulaiVsHNo0yA=":{"valueMac":{"type":"Buffer","data":"KTRP0aMLx8RrgkTgH0oCIAaOEHbN3Mail1HV3OZxj5k="}},"0JMl/Rsl22VITX5LAG6fsesQ0lX3pUP7liEcRSyqE0k=":{"valueMac":{"type":"Buffer","data":"M7KQ2FQMjw2nDmKjtilcAktZRJM/GG2A6I4+et3UmV8="}},"A8AK2ysYGwt1RN3MJyAzBVK7MGWcI6xvkyEAnHEFCTs=":{"valueMac":{"type":"Buffer","data":"nZ+vdVloMNIHuvaYjqC2+yCj43muTxvDP4usFVx7yr4="}},"OO9X/ldzWt4L5I+upc/fUrGhSC2qelywBeNItf3tnt0=":{"valueMac":{"type":"Buffer","data":"l6G21E8Q+AVIOVGZlcE07QGrQJ5CVZCqB5FfXFHMk1A="}},"tpL6ZCU7Kz4y61Eyg+44qCMZtNKjQ1MKPyKKWpIIXQs=":{"valueMac":{"type":"Buffer","data":"DcqRAjdneQRRPwaP9SEK7IaqDozxET6v/uJiQm9E1v4="}},"QwJZiiKr8/gaw9ZsmdkV4RTs1yI7RpNDA6cnTFIDkLI=":{"valueMac":{"type":"Buffer","data":"9hQXondCgkdTd+Ny2jnwDDknqdCYOUDGWFlXbC9+v98="}},"PlNio/3GKhVx/MCbYjCiMaX7pMme/xqOSe7L+wKclNE=":{"valueMac":{"type":"Buffer","data":"7pUuaHOaID+R20i07z5uJztXOI3avqQn9aFQ4xtdLPc="}},"LeeFRGCcVjJ2m9bdn9yhrjIjAQYMEnw7fQWI2pBTbGc=":{"valueMac":{"type":"Buffer","data":"yEWUK8oUL6kaYroKczEzs3dovlvDTG1rfRWfYIimoxw="}},"RRgnBeRSFlYwoeB/pmJiZFt9s9lkl9uF9JgLHwMhQAk=":{"valueMac":{"type":"Buffer","data":"Uu6utMUfr3zX1mh01BGy0WfE9jUejHEYYTBKp0+W4tM="}},"jBJLa9pphsD8mjY27Ns9BW3BVOfHKPVUHTMdu2FXJTM=":{"valueMac":{"type":"Buffer","data":"MPH+9aF0WDiiFaB5iT87wF6LpwsgRUD5mpSNoRDWvpg="}}}}