{"noiseKey":{"private":{"type":"Buffer","data":"KFx6M9ZJ54LQdgTC2c1JegsrNaQc74GQU8kUfok6yVE="},"public":{"type":"Buffer","data":"d2k01wMpL/MQ7KVm1fzW76HcSV+rA4AIL8y/PkSGSn8="}},"pairingEphemeralKeyPair":{"private":{"type":"Buffer","data":"ELCSfnv0qP7bcGkznO545jqzuqp235iqI3Twdu0h1EY="},"public":{"type":"Buffer","data":"uVwcSgOiGyirkFZuM9wAT9zRE4EYF8M2EHNvnm/IZzI="}},"signedIdentityKey":{"private":{"type":"Buffer","data":"6FtnVuKm9MvOF3EoYgysexG5zomz55IAfnxhoeI/8FQ="},"public":{"type":"Buffer","data":"SRmgEF4EDxvqdXUmRUSkSR+gEN9UxQwTXSsrd9bKaTw="}},"signedPreKey":{"keyPair":{"private":{"type":"Buffer","data":"wGoTDUjKwZuWWWtllWhif4l4KG/crqhTGzN57XzHX2g="},"public":{"type":"Buffer","data":"l/vWiGK1HElRaX2kMxmF+cPzGm6dy9Nl2dbN+DtDwWg="}},"signature":{"type":"Buffer","data":"gSg1IlRKXI0xPN2T7y9HSX3yRWbIakjnQmVA0suW2/DrjoU60SvCo2kbLtEJgXyewWzx47JwaosHXEhMqY9Bhw=="},"keyId":1},"registrationId":186,"advSecretKey":"RDdilwEnb5wNHvB1Llto6pc+LQXlJY3PfoIMdY810Rg=","processedHistoryMessages":[{"key":{"remoteJid":"62895327597436@s.whatsapp.net","fromMe":true,"id":"A10A710370DE86252F22064C019A62A2"},"messageTimestamp":1724859032},{"key":{"remoteJid":"62895327597436@s.whatsapp.net","fromMe":true,"id":"A3F3D40C6672946C49DF0156BE668F41"},"messageTimestamp":1724859032},{"key":{"remoteJid":"62895327597436@s.whatsapp.net","fromMe":true,"id":"6234616D1B8B4E1A7D787F81DAB5BBC1"},"messageTimestamp":1724859042},{"key":{"remoteJid":"62895327597436@s.whatsapp.net","fromMe":true,"id":"C8D9A47ECE2736140DFB66AA5049CA56"},"messageTimestamp":1724859045},{"key":{"remoteJid":"62895327597436@s.whatsapp.net","fromMe":true,"id":"DD5794D56E3C266C6B53678DA30CACE0"},"messageTimestamp":1724859051},{"key":{"remoteJid":"62895327597436@s.whatsapp.net","fromMe":true,"id":"DA8529BC10187DF51EA9C910F86B979A"},"messageTimestamp":1724859055},{"key":{"remoteJid":"62895327597436@s.whatsapp.net","fromMe":true,"id":"72D5698E39188C6F478F32B9ECC10910"},"messageTimestamp":1724859060},{"key":{"remoteJid":"62895327597436@s.whatsapp.net","fromMe":true,"id":"5837BFBA67E01D00C9409C4A39C79018"},"messageTimestamp":1724859064},{"key":{"remoteJid":"62895327597436@s.whatsapp.net","fromMe":true,"id":"93657AAE98EB6359B0159AF69B12FA14"},"messageTimestamp":1724859069},{"key":{"remoteJid":"62895327597436@s.whatsapp.net","fromMe":true,"id":"60A2160633C1FCF420F5332021787E1A"},"messageTimestamp":1724859072},{"key":{"remoteJid":"62895327597436@s.whatsapp.net","fromMe":true,"id":"D242590F14EDABE7CF0266AB3A5C63E5"},"messageTimestamp":1724859076},{"key":{"remoteJid":"62895327597436@s.whatsapp.net","fromMe":true,"id":"4FC7C22BD5941D43857CE895E04BD2AE"},"messageTimestamp":1724859080},{"key":{"remoteJid":"62895327597436@s.whatsapp.net","fromMe":true,"id":"1F2A49FEDE00546FB0791CC7EDAED2AD"},"messageTimestamp":1724859085},{"key":{"remoteJid":"62895327597436@s.whatsapp.net","fromMe":true,"id":"4030A3D088AAC1353A91A9428CC91DBD"},"messageTimestamp":1724859088},{"key":{"remoteJid":"62895327597436@s.whatsapp.net","fromMe":true,"id":"B0A3A9E64578A7B4AA040AB73444335C"},"messageTimestamp":1724859093},{"key":{"remoteJid":"62895327597436@s.whatsapp.net","fromMe":true,"id":"837E2084432C685F13440D17C752DE2D"},"messageTimestamp":1724859097},{"key":{"remoteJid":"62895327597436@s.whatsapp.net","fromMe":true,"id":"78C7A960E26EDE53AFEA9DF8728CE1BA"},"messageTimestamp":1724859101},{"key":{"remoteJid":"62895327597436@s.whatsapp.net","fromMe":true,"id":"928AECAFF11EAB9851C6F47FB30E411A"},"messageTimestamp":1724859105},{"key":{"remoteJid":"62895327597436@s.whatsapp.net","fromMe":true,"id":"19E7232816D485F7B4AAB3E093D920DC"},"messageTimestamp":1724859109},{"key":{"remoteJid":"62895327597436@s.whatsapp.net","fromMe":true,"id":"DCF9A63E2F41F20C2857917CC26CC22D"},"messageTimestamp":1724859114},{"key":{"remoteJid":"62895327597436@s.whatsapp.net","fromMe":true,"id":"43B83CDA043B7813570F38AC3B7102D4"},"messageTimestamp":1724859119},{"key":{"remoteJid":"62895327597436@s.whatsapp.net","fromMe":true,"id":"052CDD685D747DB36055B38AE4390938"},"messageTimestamp":1724859122},{"key":{"remoteJid":"62895327597436@s.whatsapp.net","fromMe":true,"id":"2831A75BEB295B0CD43B73B90035C2BB"},"messageTimestamp":1724859130},{"key":{"remoteJid":"62895327597436@s.whatsapp.net","fromMe":true,"id":"2A4F79B0CAC550A6EB091EEBD5BF2771"},"messageTimestamp":1724859136},{"key":{"remoteJid":"62895327597436@s.whatsapp.net","fromMe":true,"id":"8E6BC3D5E1B1BAA8AA4B6BB45BD0D797"},"messageTimestamp":1724859145},{"key":{"remoteJid":"62895327597436@s.whatsapp.net","fromMe":true,"id":"23E45F71445D1E8B62181D52BEFF81BB"},"messageTimestamp":1724859154},{"key":{"remoteJid":"62895327597436@s.whatsapp.net","fromMe":true,"id":"D76EA31AAE3AA6B1156FB228F39F450A"},"messageTimestamp":1724859162},{"key":{"remoteJid":"62895327597436@s.whatsapp.net","fromMe":true,"id":"B63E4D918991A720439F3E65756D6581"},"messageTimestamp":1724859172},{"key":{"remoteJid":"62895327597436@s.whatsapp.net","fromMe":true,"id":"175DC3F682E0773CD9292F59FED45F2A"},"messageTimestamp":1724859180},{"key":{"remoteJid":"62895327597436@s.whatsapp.net","fromMe":true,"id":"411245FA1FAC51336D6BFCE0D8C0DDC0"},"messageTimestamp":1724859180},{"key":{"remoteJid":"62895327597436@s.whatsapp.net","fromMe":true,"id":"EA8763A50DF6D4A3590FD5B6ED0DFACE"},"messageTimestamp":1724859180},{"key":{"remoteJid":"62895327597436@s.whatsapp.net","fromMe":true,"id":"6F0050535EA2E18C1048E5C1B37C1502"},"messageTimestamp":1724859181}],"nextPreKeyId":31,"firstUnuploadedPreKeyId":31,"accountSyncCounter":1,"accountSettings":{"unarchiveChats":false},"deviceId":"BHUDR0LZQ3aaCHDnjUBt7Q","phoneId":"70faddf1-0c87-4a5d-9066-d777eb097b52","identityId":{"type":"Buffer","data":"Y6rJqAle3wv8QRfK5Ftky3IUDyA="},"registered":true,"backupToken":{"type":"Buffer","data":"sdqF5RBfCeY0WyXSx/mrLK79b+I="},"registration":{},"pairingCode":"9MYNLEAJ","me":{"id":"62895327597436:4@s.whatsapp.net","name":"AnotherWorld~Btz","lid":"275054537490557:4@lid"},"account":{"details":"CJDJwL8DEJKFvbYGGAEgACgA","accountSignatureKey":"Xgl+TZm+2KtCV2XSPoEWIjM/H7yFoyIIWMSwGWGcL3s=","accountSignature":"rELEx6ZvbDFNY6AwvX2diwJJ+2W6dSNZdF0h/fKIKD7tSzWzKGKQJ+7sp8PHLQh3PPlS5UXxKMnMRO+YsJKpCg==","deviceSignature":"8lClPuaRl4Ixk3TTtQgfX7Ww9ApYmx9kxuhzuottjHIduGX+Lg5Zt3iPOa4bT4fS+6qOA/19w8i7kCszXML+jA=="},"signalIdentities":[{"identifier":{"name":"62895327597436:4@s.whatsapp.net","deviceId":0},"identifierKey":{"type":"Buffer","data":"BV4Jfk2ZvtirQldl0j6BFiIzPx+8haMiCFjEsBlhnC97"}}],"platform":"smba","lastAccountSyncTimestamp":1724859050,"myAppStateKeyId":"AAAAAP+j"}