{"_sessions":{"BZoNbyWvTvSkkR8nRvq63XdFyAHXt8JbOlpzH+M5+lce":{"registrationId":639937659,"currentRatchet":{"ephemeralKeyPair":{"pubKey":"Ba0ct9dybf34CktQ34iQva9x55/SUAYN5G5hvACPXwdW","privKey":"SNXMjQRleC8GyzGk0z6Q6uXSEpUSFMJ7qwidKYIl/HI="},"lastRemoteEphemeralKey":"BWzwcn2OQ5COKPOOgzMuVWN3sBPgbTCOF1g7jhyCZikQ","previousCounter":0,"rootKey":"erfEX6ZkPJynHbZpyds+pQh5I+TVRWuK/4lrWkWJg90="},"indexInfo":{"baseKey":"BZoNbyWvTvSkkR8nRvq63XdFyAHXt8JbOlpzH+M5+lce","baseKeyType":2,"closed":-1,"used":1724859181534,"created":1724859031540,"remoteIdentityKey":"BV4Jfk2ZvtirQldl0j6BFiIzPx+8haMiCFjEsBlhnC97"},"_chains":{"BWSWme2q6E4pCDc+g1SLZJOvEyqKJjq3mKpZkSUSUdk7":{"chainKey":{"counter":29},"chainType":2,"messageKeys":{}},"BWzwcn2OQ5COKPOOgzMuVWN3sBPgbTCOF1g7jhyCZikQ":{"chainKey":{"counter":6,"key":"+scyeRe8zqarz4ziPMELFgy68TdUqmFYMTw4qmxFuZ8="},"chainType":2,"messageKeys":{}},"Ba0ct9dybf34CktQ34iQva9x55/SUAYN5G5hvACPXwdW":{"chainKey":{"counter":1,"key":"DhWtwsASdYrFxBn35JsLVceKbkZNlAcw9zQqiMYQyQE="},"chainType":1,"messageKeys":{}}}}},"version":"v1"}