{"_sessions":{"BZ+5Pjw5m4Qps00CrbzIOCd5s/cqKKDLd7u7MRtEemUf":{"registrationId":856945574,"currentRatchet":{"ephemeralKeyPair":{"pubKey":"BVtO96duNjNtCkTp5kUw5rY+MkA2j8quF29yvD5J2ptF","privKey":"4DWCmi3vLK/LZovZcjLMSv3BMuK5dEc+HWGc/E4Qe3s="},"lastRemoteEphemeralKey":"Bcte8LqA5xDPab1Eyw6JtWsYztOlgD/RkJq9CrlBqDcg","previousCounter":0,"rootKey":"5odlUPzOJ3GSOvHl3hBgIhC12+LwR41wiQo3VqKEvZk="},"indexInfo":{"baseKey":"BZ+5Pjw5m4Qps00CrbzIOCd5s/cqKKDLd7u7MRtEemUf","baseKeyType":2,"closed":-1,"used":1724859188688,"created":1724859145841,"remoteIdentityKey":"BdBUNApBlRuzCHCOQrN8g/pp9O3DXU677X+/sidSn+gP"},"_chains":{"BQ8imxrquN/lIYBijMDMJV/ynvxnxq6T5HIzZIhfcDRO":{"chainKey":{"counter":0},"chainType":2,"messageKeys":{}},"BZV8eWflKaZt9dzwcSsKEcOdHRNHGYcgeon8qf0/EY8P":{"chainKey":{"counter":0},"chainType":2,"messageKeys":{}},"Bcte8LqA5xDPab1Eyw6JtWsYztOlgD/RkJq9CrlBqDcg":{"chainKey":{"counter":0,"key":"sRL8m5gYBC2iDubyHtBkCRwEwJvYfZTnHpcwl9rm/Ao="},"chainType":2,"messageKeys":{}},"BVtO96duNjNtCkTp5kUw5rY+MkA2j8quF29yvD5J2ptF":{"chainKey":{"counter":0,"key":"hUK37FriZMGlO2RBEGz8OzXgoolnUgclb/7MUv8JPks="},"chainType":1,"messageKeys":{}}}}},"version":"v1"}