{"_sessions":{"BYPYzjKVv6hGHmpGDyzfK6Wu0FlDjdT+/95Ulx0EVJMp":{"registrationId":11269,"currentRatchet":{"ephemeralKeyPair":{"pubKey":"BUg4VYdhCoL6eJJM6C/9URWyygjIrNKNOw46e9Kc4Ggl","privKey":"YLEwLhTKDoZxIa+Gw++bLlzBM+39p8l0BSeqiyH0o2U="},"lastRemoteEphemeralKey":"BbC73VWi6e4nUG9feR2dVMxNa9JRDXb+7uTGZF3vd8YC","previousCounter":0,"rootKey":"5wtZnnRMN3Sduf7143FdQOzrsZo7dUsA5+tLtzmTiVE="},"indexInfo":{"baseKey":"BYPYzjKVv6hGHmpGDyzfK6Wu0FlDjdT+/95Ulx0EVJMp","baseKeyType":1,"closed":-1,"used":1724859146823,"created":1724859146823,"remoteIdentityKey":"BWmP8w+ebzjD6imiOcC3FzZf5pHUFTtnSoGB8Q4E5aJC"},"_chains":{"BUg4VYdhCoL6eJJM6C/9URWyygjIrNKNOw46e9Kc4Ggl":{"chainKey":{"counter":2,"key":"OfZNeS/vGWoCgVr5V7v/oyWmN5CsGriu+wKiXkS+48U="},"chainType":1,"messageKeys":{}}},"pendingPreKey":{"signedKeyId":1,"baseKey":"BYPYzjKVv6hGHmpGDyzfK6Wu0FlDjdT+/95Ulx0EVJMp"}}},"version":"v1"}